rGA:n2-Pc1-Pm0.01,rGA:n2-Pc0.9-Pm0.01,rGA:n2-Pc0.5-Pm0.01,rGA:n2-Pc0.1-Pm0.01,rGA:n2-Pc0-Pm0.01,rGA:n2-Pc1-Pm0.01,rGA:n2-Pc0.9-Pm0.01,rGA:n2-Pc0.5-Pm0.01,rGA:n2-Pc0.1-Pm0.01,rGA:n2-Pc0-Pm0.01
2426.4,2414.35,2423.37,2502.31,2570.53,2440.66,2405.72,2476.14,2355.64,2431.15
2111.87,2132.12,2134.97,2244.12,2365.23,2157.33,2144.64,2252.35,2172.54,2245.3
1907.96,1850.63,1917.03,2012.55,1967.06,1898.41,1916.91,1975.94,1927.26,2025.12
1638.67,1668.2,1688.11,1789.91,1786.72,1697.7,1624.13,1755.81,1785.03,1808.92
1482.7,1416.47,1450.08,1584.6,1606.11,1384.49,1438.51,1572.54,1537.97,1648.19
1223.28,1236.3,1307.79,1457.85,1442.86,1227.44,1217.6,1387.34,1420.06,1483.47
1056.97,1024.67,1140.38,1314.26,1288.76,1051.69,1058.54,1224.83,1286.82,1352.7
911.561,882.7130000000001,987.69,1170.97,1135.76,937.063,912.929,1077.26,1185.9,1210.71
816.2610000000001,764.37,897.6510000000001,1042.98,1027.09,801.8610000000001,796.395,959.066,1063.33,1115.18
686.097,657.548,784.7810000000001,941.564,919.216,698.696,694.3960000000001,823.993,932.9839999999999,1018.69
597.641,575.615,708.5269999999999,866.88,867.4739999999999,629.8009999999999,619.505,746.3,848.5310000000001,933.808
520.3380000000001,510.915,644.4540000000001,768.5930000000001,772.054,561.565,564.618,667.698,782.801,889.403
478.675,463.095,596.575,694.055,701.6139999999999,511.702,504.986,621.4209999999999,706.8560000000001,803.53
442.398,424.962,550.725,642.388,671.2739999999999,475.721,470.075,585.235,672.0880000000001,763.9110000000001
413.94800000000004,401.064,525.091,602.457,618.714,441.21,447.254,556.646,623.1419999999999,733.028
399.084,384.496,495.50199999999995,574.096,587.823,420.139,407.97900000000004,541.966,587.3009999999999,706.9860000000001
371.00300000000004,367.088,468.62300000000005,551.665,563.249,398.408,388.55,526.08,553.207,659.132
348.39300000000003,357.397,452.769,526.3380000000001,527.889,376.845,373.276,503.17900000000003,525.239,641.6569999999999
338.13599999999997,347.874,430.676,494.475,516.1469999999999,365.69699999999995,354.593,476.908,503.061,613.106
330.165,330.33,414.81699999999995,469.381,491.926,343.32800000000003,335.67699999999996,448.12,474.139,575.557
325.42900000000003,307.626,409.12199999999996,446.281,476.642,335.16900000000004,327.884,431.961,448.515,559.654
319.661,295.69,396.88599999999997,429.70300000000003,458.215,326.1,310.34,406.30199999999996,429.50699999999995,542.62
307.902,284.431,386.214,410.403,448.74699999999996,314.611,300.603,391.476,413.80300000000005,511.42800000000005
293.748,274.754,378.455,395.10400000000004,432.316,306.883,288.26099999999997,371.42400000000004,395.44699999999995,502.801
287.857,266.325,372.689,387.517,418.345,297.88,279.694,354.115,378.119,478.11699999999996
282.432,256.329,365.515,371.09,402.36300000000006,293.394,267.474,344.861,370.24300000000005,464.431
273.297,250.09900000000002,357.345,359.598,389.57199999999995,288.783,264.35200000000003,330.94199999999995,357.273,451.801
261.688,241.532,348.51,346.05800000000005,382.30199999999996,282.582,255.96200000000002,323.814,353.18,438.98900000000003
258.627,232.83700000000002,328.11199999999997,338.316,359.096,274.8,252.671,311.841,343.15,422.181
257.32,227.13099999999997,320.591,328.212,350.126,263.089,246.997,303.48400000000004,325.594,409.616
253.89700000000002,221.058,311.562,316.899,339.69199999999995,258.046,239.385,295.131,317.71,389.26099999999997
244.832,209.918,297.567,314.806,333.00800000000004,246.368,231.12900000000002,288.738,300.038,379.135
241.328,203.984,286.615,298.269,318.096,233.47400000000002,218.34900000000002,280.216,297.447,368.348
240.065,194.61,280.086,293.361,306.26599999999996,227.01,208.204,274.279,290.86400000000003,358.069
237.907,191.97799999999998,275.053,285.14599999999996,297.687,217.18400000000003,203.77700000000002,261.653,288.43,347.791
234.26,186.28900000000002,272.51,276.83299999999997,293.652,209.642,199.18900000000002,250.967,282.579,331.91
222.984,185.107,259.165,264.268,280.86,206.998,190.847,243.558,274.293,319.632
216.405,182.68,253.94400000000002,251.422,271.29400000000004,194.32,183.541,242.74200000000002,269.444,310.186
214.50099999999998,179.68599999999998,251.44400000000002,246.66099999999997,265.43,192.355,177.82299999999998,239.736,267.02299999999997,292.58099999999996
207.208,177.829,244.523,236.868,265.04,181.78799999999998,177.80700000000002,233.153,262.32599999999996,285.027
205.324,174.398,238.36,232.535,255.395,179.275,177.533,232.032,256.32599999999996,276.545
199.06799999999998,169.495,231.263,227.547,248.9,176.324,174.942,225.515,246.946,262.362
194.638,168.007,226.505,215.467,243.071,176.157,170.704,218.019,243.683,255.705
193.58599999999998,167.02700000000002,217.136,211.21900000000002,240.601,173.19799999999998,165.96599999999998,209.125,236.547,250.425
186.58900000000003,166.36700000000002,212.235,207.748,233.638,171.518,164.137,204.054,235.072,236.00799999999998
181.797,158.684,208.15200000000002,203.275,232.225,169.66099999999997,159.666,197.454,220.201,227.115
180.521,152.252,205.72099999999998,199.84,224.52,166.40400000000002,159.116,195.37599999999998,213.266,222.59099999999998
174.97400000000002,150.689,199.157,191.71599999999998,211.218,165.91099999999997,152.024,190.38400000000001,209.305,212.014
172.43400000000003,142.759,192.892,190.80200000000002,210.66099999999997,160.717,150.955,186.58,208.592,209.153
168.965,139.638,188.303,183.946,203.02200000000002,155.624,147.792,185.11599999999999,205.797,207.024
165.247,136.22299999999998,183.19,177.176,195.783,154.207,146.168,183.391,203.825,194.979
162.953,134.908,179.36900000000003,173.78400000000002,193.739,150.105,144.724,174.42700000000002,196.734,193.054
156.879,130.488,178.63,171.81099999999998,187.62400000000002,147.649,142.33,171.78,195.785,190.213
156.58700000000002,127.435,170.359,167.387,182.903,145.51,141.791,169.261,186.889,183.618
156.124,122.809,168.1,165.55200000000002,178.614,142.72799999999998,139.549,167.513,181.81599999999997,176.801
154.518,117.633,160.002,161.469,176.821,139.085,139.381,160.64600000000002,177.542,175.685
153.119,115.461,155.451,159.05,174.542,137.838,137.19,155.204,168.868,171.922
148.285,113.905,154.881,143.34,171.793,131.703,136.757,153.501,168.22799999999998,167.454
145.071,110.49,146.697,135.791,169.16299999999998,127.931,131.969,151.591,160.09,165.25400000000002
144.086,107.171,143.469,134.783,166.99200000000002,124.96,131.745,148.965,152.472,161.315
141.959,105.671,143.2,133.357,164.458,116.589,128.851,146.683,146.179,150.526
139.184,103.01700000000001,142.658,132.639,161.93200000000002,114.208,127.478,139.613,137.42,149.175
138.736,101.734,141.205,128.352,157.814,113.571,127.473,136.316,133.815,147.63
136.287,99.3069,137.211,125.04700000000001,156.02100000000002,110.97200000000001,126.26799999999999,132.099,132.52,146.129
129.846,97.3101,135.09799999999998,124.999,154.963,108.45,126.258,128.262,124.741,135.577
124.685,94.6832,132.132,123.958,149.726,104.588,121.824,125.984,124.49,134.491
123.309,92.0115,129.52100000000002,119.78,143.784,103.51700000000001,120.742,124.00399999999999,123.56299999999999,134.491
120.288,90.3959,128.766,114.13600000000001,141.959,102.014,118.715,122.24799999999999,122.764,129.257
113.602,89.1032,128.387,111.95700000000001,140.503,99.3115,115.113,115.24,120.28200000000001,128.398
109.029,86.5567,128.039,110.772,130.13299999999998,98.4334,113.71600000000001,114.21,118.35799999999999,126.475
106.649,84.5227,121.736,104.99600000000001,128.34799999999998,92.4302,109.516,113.641,113.979,126.34299999999999
97.3058,82.1241,118.346,103.964,127.48100000000001,92.2386,109.39399999999999,113.193,109.97,122.465
96.2018,81.4481,114.964,103.39200000000001,126.664,89.7128,107.24799999999999,110.928,108.87799999999999,120.98899999999999
91.9317,80.7718,114.50200000000001,101.734,123.385,88.8807,107.016,107.244,104.73200000000001,114.55
91.2225,80.5573,113.11,101.485,121.631,88.7734,102.64,105.307,104.57600000000001,114.55
89.3083,79.4699,112.25200000000001,98.9398,121.32799999999999,88.7683,98.3552,104.38,100.463,111.101
89.0461,77.2603,111.251,96.8681,120.78200000000001,88.0895,97.9972,103.60700000000001,98.3418,110.26700000000001
83.6603,77.2388,108.77,96.4065,113.985,85.9479,94.3801,101.26700000000001,97.3162,109.484
80.33,75.7841,106.626,95.0508,108.65700000000001,85.8631,91.5907,96.8842,95.6895,108.78200000000001
79.8713,74.5598,102.536,93.3812,104.39399999999999,85.8535,89.3052,91.6888,94.25299999999999,104.691
79.225,70.3252,99.2303,89.2191,103.771,84.7876,89.1216,90.5138,93.3809,103.441
79.2249,69.1921,97.68299999999999,88.9107,103.046,84.186,85.38,90.2223,90.4617,100.508
78.37100000000001,64.5461,90.9442,88.0989,100.675,83.5858,84.113,88.8641,89.435,100.169
78.37100000000001,64.2717,89.7677,86.3823,99.8785,81.6832,81.9116,87.2801,87.9595,98.7885
77.6106,63.9124,88.48,86.3182,99.8369,81.2203,81.5118,87.2431,87.9595,95.3079
76.1367,60.4297,87.7816,86.162,99.8312,78.9379,78.5831,85.6082,86.1708,89.036
75.3594,59.7744,87.0245,85.2033,97.8587,78.4327,76.6356,81.0294,84.8528,86.7887
70.9964,59.205,86.9928,83.5272,95.258,78.0559,75.0113,80.2637,84.7168,82.7023
70.3883,57.0497,83.2682,82.2179,89.9646,77.9227,74.4671,79.7793,83.3058,82.0873
69.7796,55.0501,82.6993,75.5578,89.0886,73.4719,72.9718,79.5769,81.5828,80.6886
69.2141,55.0422,79.191,73.5804,86.8291,70.8503,72.6322,79.3971,80.2297,79.5736
67.34,52.7196,78.5707,70.6412,85.7677,70.2128,70.8112,79.2682,79.3506,74.766
67.0268,52.3948,75.8601,70.2166,85.3891,69.6225,67.7081,76.5499,78.816,71.08800000000001
65.1387,52.3036,75.486,69.1312,81.9534,68.468,67.5527,76.5183,77.8636,70.9809
63.8591,52.0003,72.625,65.4143,80.3959,67.7836,64.9735,75.9063,72.8213,70.5784
63.0782,51.0015,72.4011,64.7651,78.7567,67.6904,64.9043,74.4803,71.1494,69.0541
62.1105,50.7754,71.9964,64.2547,76.98,65.3289,64.3778,73.563,70.1426,68.1641
62.1031,49.7178,69.8744,63.7144,76.1143,63.7864,63.174,72.4319,69.7731,65.8408
61.4352,46.9162,69.8513,60.7669,75.7375,58.8126,61.805,72.185,65.7258,64.1341
61.4352,46.6356,68.4374,58.81399999999999,75.0021,58.481,61.6962,65.2065,64.2884,61.4651
59.1785,45.9364,68.3159,58.1179,74.9498,57.7319,60.6898,64.5868,62.526,61.3218
59.1725,45.7569,67.197,57.3617,73.3054,56.0907,60.6202,64.5459,62.4132,61.0579
58.6254,45.5482,66.3278,56.6816,72.6257,55.9019,58.696000000000005,64.1402,62.3106,61.0344
58.6254,45.5455,64.8719,55.9838,72.3574,55.3528,57.9975,63.6999,62.2167,59.0696
57.4934,45.4597,64.0361,55.4989,70.3617,53.2889,57.8034,60.0191,58.4622,59.0529
55.0448,44.4625,63.1289,54.3556,69.7175,52.2689,57.8034,58.3561,58.1261,55.989
54.1089,44.0768,63.0734,52.6722,68.3361,51.7272,56.8621,57.7407,54.442,55.0623
54.1089,42.3503,63.038000000000004,51.6793,68.173,50.4452,54.8786,57.3164,53.1043,54.7364
53.9642,41.8465,61.9787,50.2093,64.8667,49.8263,54.8131,56.7504,52.5029,54.7197
52.4964,41.7832,61.0763,49.9707,64.6285,49.7469,54.0743,55.883,52.3522,53.9228
52.2903,39.3498,60.9446,49.7921,62.3721,48.2269,53.8823,55.5815,49.3213,53.3688
52.28,39.3498,60.51,48.3722,61.7851,48.1947,52.2821,55.5281,49.3213,52.8255
49.9457,39.2044,60.4057,48.2862,58.0322,47.968,51.7334,52.831,47.5348,52.7084
49.918,38.8004,59.9693,47.6958,57.6162,47.968,49.1366,51.3896,45.7578,52.7084
49.8256,38.6626,59.7524,45.836999999999996,57.6162,45.516999999999996,49.1366,50.0213,45.7578,52.7068
49.7639,37.5456,59.53,45.8316,57.1985,45.516999999999996,48.3867,49.0131,45.5704,51.0655
49.527,37.1152,58.6198,44.9961,57.1985,45.2541,48.1796,48.8799,44.3802,49.9074
46.9266,37.0,56.9995,44.1227,56.6467,45.2541,47.8282,47.7406,44.3802,49.7903
46.2415,37.0,55.5008,43.5647,53.9631,45.0717,47.6809,47.4036,43.3127,49.6643
45.5077,36.6453,55.3331,43.427,53.3762,43.8338,47.5922,46.76,43.168,49.6643
44.3958,35.8274,54.7027,43.1027,51.6007,42.6686,47.5775,46.4087,42.4558,47.0971
44.2503,35.7971,53.6176,42.3589,51.4461,42.2856,47.5775,46.2756,42.3733,46.9742
43.983000000000004,35.7845,53.5226,41.7811,51.368,42.1118,46.4194,45.3898,41.6833,46.898999999999994
41.3237,35.7845,48.6385,41.7811,50.5888,41.6124,46.3749,45.3128,41.5975,45.7407
41.3237,35.1983,48.6384,41.7507,47.6883,41.3708,45.363,44.3463,40.9472,45.7177
40.3261,35.1983,48.2799,41.7331,47.6883,41.0907,45.1439,42.9534,39.6184,45.6832
40.3261,35.0442,47.7103,41.7052,44.178000000000004,40.8999,45.0914,41.6005,38.8868,44.0979
39.9828,34.8955,47.71,40.4577,43.8118,40.8263,43.9399,41.4502,38.6178,43.7438
38.2116,34.3324,47.6234,40.3104,43.1225,39.9373,42.4265,41.4492,38.2113,43.7438
38.1135,34.0406,47.5677,39.4735,42.9247,39.9218,42.3931,40.3656,36.8274,43.6714
37.955,34.0406,47.5111,39.4735,42.8704,39.8794,42.3931,40.3012,36.4449,43.6262
37.4496,33.8645,47.4611,38.3519,42.8687,39.7247,41.8131,40.3012,35.882,39.3572
37.253,31.2531,46.3997,37.3977,42.8411,39.7247,40.1161,39.4168,35.6352,38.4456
36.4344,31.2531,46.1877,37.1888,42.6757,38.8656,39.438,38.9968,35.5079,38.2137
36.4198,31.0385,46.0606,36.0792,42.2895,38.8656,39.4073,38.8161,34.5877,37.9591
36.3078,30.6032,45.3907,35.4537,42.1888,38.8498,39.1375,38.5994,34.5324,37.4628
36.2018,30.5354,44.784,35.4537,42.1888,38.4724,38.6079,38.5994,34.3482,36.7386
35.483000000000004,29.2831,44.7729,33.9206,41.7666,37.4864,38.5059,38.5342,34.3415,36.5944
35.0887,29.1936,44.6427,33.7725,39.067,37.4045,38.3732,38.5342,33.6687,36.5944
34.8585,29.0911,44.3878,30.5981,39.067,37.053000000000004,36.6485,38.1038,33.3518,36.0586
34.8053,29.0911,43.5896,30.5084,38.7067,36.402,36.5945,37.1745,32.6294,34.8513
34.5226,29.0654,40.6397,30.2475,38.685,36.1163,36.5488,36.729,32.1514,34.6286
34.2152,29.0274,39.7366,29.8147,38.4126,35.9984,36.5488,36.4892,31.9497,34.3193
34.1707,28.8728,39.7255,29.8147,38.1075,35.9374,35.9584,36.4662,31.9497,34.3193
33.96,28.5762,39.6248,29.5651,37.8085,35.8617,34.5136,36.3995,31.7728,34.3193
33.4077,28.5406,38.9603,29.3395,36.9377,35.59,34.0917,36.3995,31.555,34.1038
33.1274,28.3997,38.4631,29.3324,36.2337,35.1985,34.0809,35.1345,29.6775,34.1038
32.2305,28.3956,38.0119,27.6223,36.1565,35.1737,34.0809,34.69,29.0592,33.5911
32.173,28.3804,36.78,27.53,35.2811,35.1737,34.0724,33.9832,28.7805,33.3194
31.9429,28.0557,36.3246,27.2034,35.0771,33.4183,33.7267,33.9268,28.6344,33.1225
31.2492,27.8121,36.1049,26.7126,34.6427,33.3964,33.4143,32.9981,28.3913,32.9187
30.7005,27.7535,36.1049,26.6308,34.4288,32.4929,31.8519,32.580999999999996,28.3913,32.8863
30.3359,27.1146,35.2331,26.2155,34.1051,32.2323,31.3167,30.1036,27.8474,32.7519
30.0338,26.4773,34.6195,26.0284,34.0892,32.0539,31.2113,29.1984,27.7345,32.2111
28.5375,26.3839,32.2487,25.4459,32.096,31.8284,31.0308,29.1725,27.7345,31.6635
27.7531,26.1446,30.4415,25.4387,32.056999999999995,31.275,30.8903,27.9921,27.5966,31.4396
27.6768,25.9141,29.5994,25.334,31.6277,31.0102,30.5762,27.5233,26.9172,30.8688
26.3892,25.9141,29.5994,25.0395,31.5418,30.6796,30.0361,26.8237,26.9144,30.8489
26.0857,24.5706,29.2166,25.0395,30.5704,30.5788,30.0361,26.526,26.8828,30.5405
24.9936,23.4988,29.1208,25.0395,29.1935,30.4976,29.3717,26.467,26.6392,30.5395
24.9642,23.3716,29.1208,24.6337,29.1935,29.3135,29.2068,25.6835,26.5217,30.4173
24.7865,23.3382,28.2363,24.3644,29.1217,29.1905,28.8591,25.6393,26.4114,30.018
24.7865,23.281999999999996,27.0177,23.9342,29.1217,28.3095,28.8474,25.0788,26.2964,29.8848
24.3653,23.281999999999996,26.2568,22.971,29.1129,27.9229,28.7113,25.0638,26.2964,29.4565
24.3653,23.1752,25.9764,22.6286,28.9908,27.1636,28.2739,25.0342,26.255,29.2206
24.3653,22.4123,25.5429,22.6286,28.5413,27.1636,28.2739,24.8152,25.4715,28.4707
24.3653,22.3871,24.8013,22.5546,28.4203,27.1587,27.9295,24.7823,25.4715,28.3523
24.3653,21.9639,23.6147,22.5546,28.3817,27.1363,27.9295,24.353,25.4715,27.9463
23.2756,21.6082,23.6147,22.2473,28.3817,27.0513,27.6969,24.2845,25.2057,27.9176
23.2443,21.4466,23.5691,22.2161,28.278000000000002,25.6485,27.6969,24.2116,25.1615,27.737
23.2443,21.3459,23.5062,22.1974,26.4709,24.0448,27.6081,24.1255,24.9366,27.3178
23.1679,20.8802,23.1088,22.142,25.557,23.8485,27.5909,24.1243,24.9261,27.1796
23.1679,20.8567,23.1088,22.142,25.5039,23.8485,27.5817,24.0644,24.8503,27.1452
23.166,20.4698,22.9318,22.0711,25.0612,23.7505,27.4175,23.340999999999998,24.7667,26.772
19.9457,20.0197,22.8539,21.9235,24.3596,23.7163,27.3547,23.0934,24.6903,26.6188
19.9269,19.9915,22.8452,21.7193,24.3078,23.5134,26.8409,23.0934,24.6821,26.4611
19.2665,19.9709,22.6513,21.2696,24.2589,23.4368,26.2593,22.4914,24.6426,25.8362
18.9476,19.7904,22.6513,21.2592,24.0249,23.3587,26.2593,22.4718,24.2671,25.8155
18.9468,19.7904,22.6341,21.2428,23.9048,23.3587,25.6664,22.0829,24.0,25.7887
18.9091,19.7049,22.6341,20.9046,23.9048,23.3587,25.5936,22.0829,23.8965,25.6046
18.7226,19.6069,22.0459,20.8609,23.9048,23.3553,25.5936,22.0829,23.7808,24.7699
18.6574,19.6069,21.9538,20.8609,23.7581,23.139,25.4289,21.8305,23.7806,24.5485
18.6198,19.4495,21.9411,20.607,23.4834,23.0356,25.3987,21.0032,23.5061,24.5144
18.5526,18.8965,21.5797,20.3936,23.3241,22.791999999999998,25.2835,20.2194,23.3997,24.4553
18.5383,18.8741,21.4095,19.533,23.208000000000002,22.4876,24.8538,20.2194,22.9297,24.4553
18.5383,18.8741,21.4095,19.5323,23.1942,22.4876,24.0934,20.0577,22.6944,23.9435
18.4046,17.3345,21.2614,19.2734,23.1675,22.0084,24.0811,20.0577,22.5316,23.715999999999998
18.3391,17.3312,21.2614,19.2734,23.1128,21.230999999999998,24.0811,19.4082,22.4653,23.7106
18.0854,17.3312,20.854,19.2601,22.7336,20.7838,23.5305,19.408,22.4471,23.6087
17.759,16.9686,20.7601,18.3907,22.456999999999997,20.1046,23.3446,19.3312,22.2643,23.2039
17.5912,16.8129,20.7214,17.914,22.3385,20.0868,23.0787,19.2983,22.2261,23.1566
17.585,16.808,20.7214,17.914,22.3385,20.0711,23.0787,19.2087,22.1887,23.0226
17.5845,16.3477,20.5741,17.6559,22.3269,20.0155,22.6978,18.8514,22.1878,23.0226
17.5785,15.978,20.5741,17.5838,22.3269,19.2559,22.2638,18.6384,21.9733,22.7402
17.5785,15.8385,20.5741,17.4888,21.1811,18.4065,22.1971,18.3573,21.9001,21.7165
17.3699,15.8385,20.4599,17.4233,21.1257,16.6819,21.9914,17.72,20.8189,21.7165
17.3169,15.8385,19.9487,17.2671,21.0889,16.6819,21.2238,17.1811,20.5992,18.980999999999998
17.1837,15.6779,19.934,16.6869,21.0763,16.2691,21.2238,16.884,19.5869,18.7186
16.4868,15.4991,19.9074,16.2294,20.586,16.2691,21.0627,16.6419,19.2553,18.4055
16.3621,14.5669,19.8624,16.1519,20.5849,16.2654,20.9797,15.9461,18.757,18.3684
16.0982,14.5669,19.8526,16.0161,20.3637,16.2654,20.9797,15.5601,18.039,17.2488
15.9456,14.4816,19.5573,15.9274,20.3637,16.1519,20.9181,15.5446,17.8594,16.6283
15.8827,14.4816,19.5404,15.9217,20.1251,15.9439,20.9181,15.540999999999999,17.6764,16.2928
15.8594,14.125,19.3522,15.7205,19.9232,15.9134,20.3274,15.540999999999999,17.6632,16.2491
15.8594,13.3811,19.0394,15.4184,19.865,15.8978,20.3274,15.540999999999999,17.5164,16.1601
15.808,13.3641,19.0282,15.2631,19.864,15.8953,20.1288,15.540999999999999,17.3148,15.8065
15.808,13.3631,18.6947,15.1916,19.864,15.8953,20.1288,15.495999999999999,17.0663,15.8065
15.7913,13.2462,18.6919,15.1916,19.7661,15.8953,20.1288,15.495999999999999,16.8571,15.7116
15.7913,13.2018,18.6839,15.0635,18.7209,15.8953,20.1171,15.4901,16.687,15.5885
15.7373,13.1946,18.4143,15.0635,18.3337,15.7877,20.0637,15.4308,16.5049,15.524000000000001
15.7373,13.1542,18.4143,15.0353,18.3337,15.7877,19.8912,15.2237,16.2441,14.7286
15.2314,13.1259,18.2104,14.9379,18.3126,15.1264,19.2113,15.1815,15.7889,14.635
15.1314,12.9986,17.3816,14.8491,18.2832,14.8795,18.9667,14.9781,15.7889,14.6182
15.1314,12.9986,17.3691,14.7605,18.1755,14.8476,18.6992,14.9781,15.7889,14.6182
15.1303,12.9986,17.3691,14.6757,18.151,14.8476,18.4006,14.8161,15.7606,14.6182
14.9138,12.8275,17.2376,14.6744,18.1167,14.8476,18.4001,14.8161,15.1918,14.4582
14.874,12.7581,17.2264,14.2913,18.0065,14.818,18.3984,14.8016,15.1918,14.4193
14.7099,12.7565,16.9413,14.1855,17.9172,14.8169,17.6587,14.7755,15.1511,14.2623
14.7099,12.4117,16.8605,13.8107,17.9119,14.8111,17.3809,14.6545,15.0939,14.2623
14.7082,12.0325,16.6051,13.7813,17.3704,14.8111,17.254,14.6545,14.821,13.8797
14.4935,12.0087,16.6051,13.7702,17.3619,14.8111,17.254,14.6178,14.794,13.8797
14.4147,11.8484,16.146,13.7451,17.2743,14.8111,17.2381,14.4099,14.6847,13.764000000000001
14.2447,11.7708,15.9975,13.6492,16.7265,14.8111,17.0067,14.3591,14.6847,13.3899
14.1826,11.4662,15.9653,13.6195,16.6932,14.6901,16.9519,14.3447,14.6847,13.3868
14.1304,11.4608,15.9196,13.3694,16.5807,14.6876,16.9519,13.7156,14.2983,13.3602
14.1304,11.4557,15.8111,13.1546,16.5807,14.6876,16.7678,13.6747,14.2495,13.3602
13.9644,11.3769,15.8066,13.1529,16.5807,14.6876,16.6443,13.6226,13.5535,13.3448
13.4174,11.2851,15.8066,12.8488,16.5202,14.5803,16.6443,13.5616,13.4132,13.0977
13.3665,11.2662,15.229000000000001,12.8388,16.4142,14.520999999999999,16.6433,13.5616,13.4023,12.9436
13.3665,11.2662,15.2265,12.7275,15.503,13.9896,16.543,13.5192,13.3979,12.6354
13.2585,10.8225,15.2265,12.7275,15.0202,13.9103,16.4556,13.1623,13.164000000000001,12.0967
13.181,10.6132,15.1765,12.7275,15.0103,13.9079,15.9095,13.0635,13.164000000000001,12.0032
13.181,10.6067,15.1397,12.5093,14.8005,13.4844,15.6146,12.9987,13.0373,11.9919
13.1288,10.375,15.1397,12.5093,14.7686,13.0121,15.2426,12.9987,12.8776,11.9919
13.127,10.375,15.1376,12.5093,14.7686,12.9136,15.2331,12.9377,12.7121,11.9561
13.1066,10.3748,15.1376,11.9616,14.5098,12.9014,15.2331,12.7804,12.2432,11.9561
13.0999,10.3748,13.6565,11.9425,14.3848,12.9014,15.2039,12.6971,11.8542,11.9561
13.089,10.3748,13.6559,11.8599,14.3389,12.9014,14.4446,12.6275,11.8542,11.9216
12.9383,10.337,13.6559,11.8295,14.1116,12.8481,13.4911,12.6243,11.8542,11.8906
12.9383,10.2683,13.6559,11.6203,14.0587,12.5846,13.3998,12.6158,11.7978,11.8393
12.8661,10.1132,13.2358,11.6178,14.0402,12.5846,13.3998,12.4901,11.7779,11.8244
12.8661,10.0754,12.9345,11.6119,13.9841,12.5384,13.3424,11.7841,11.7779,11.7729
12.8661,10.0754,12.8145,11.6119,13.9153,12.4864,13.1906,11.5212,11.7397,11.2868
12.4218,10.0754,12.3493,11.6119,13.8822,12.4864,13.0583,11.5212,11.7158,11.2842
12.4218,10.0574,12.3493,11.5929,13.8676,12.3894,12.4546,11.5212,11.6558,11.2842
12.4218,10.0574,11.9288,11.4794,13.8631,11.8523,12.4546,11.5168,11.6558,10.8574
12.4145,9.71803,11.8311,11.4544,13.8419,11.7322,12.435,11.3624,11.6449,10.8574
12.3381,9.71803,11.735999999999999,11.4091,13.8344,11.7322,12.435,11.3359,11.5493,10.8126
12.3107,9.71803,11.5092,11.397,13.6017,11.6404,12.3908,11.3327,11.4236,10.8126
12.31,9.71803,11.4748,11.397,13.6017,11.6044,12.3586,11.3304,11.4145,10.7628
12.3044,9.70396,11.4103,11.3865,13.5566,11.325,12.2384,11.1975,11.280999999999999,10.6913
12.2542,9.4012,11.0914,11.3616,13.5291,11.325,12.2384,11.1785,11.280999999999999,10.5759
12.2252,9.335139999999999,11.0914,11.3065,13.4274,11.2999,12.1946,10.9208,11.280999999999999,10.5683
12.0897,9.31049,10.8068,11.2675,13.390999999999998,11.2999,12.1552,10.9208,11.1361,10.4682
12.0662,9.29685,10.7833,11.229000000000001,13.3203,11.2369,12.1114,10.9105,11.1261,10.4676
11.782,9.24803,10.7579,11.2259,13.2994,11.2369,12.0235,10.7811,11.1261,10.3467
11.4744,9.24605,10.7579,11.0575,13.2116,11.2272,12.0235,10.7748,10.9754,10.3467
11.4638,9.24605,10.6349,11.0575,12.9068,11.2272,12.0091,10.7748,10.9754,10.3008
11.4215,9.227310000000001,10.6349,11.05,12.7508,11.2253,11.8083,10.7748,10.9754,10.211
11.3416,9.11655,10.6349,10.9983,12.748,11.1734,11.8043,10.7439,10.8045,10.1703
11.3076,9.00026,10.4757,10.9983,12.4671,11.1317,11.7549,10.7439,10.8045,10.1703
11.123,9.00026,10.4757,10.9628,12.3963,11.1316,11.5148,10.7439,10.76,10.1698
11.123,8.99955,10.4757,10.9628,12.3093,11.0303,11.485,10.7117,10.76,10.1698
10.9039,8.94612,10.4757,10.9628,12.2569,11.0303,11.485,10.4612,10.76,10.1406
10.9039,8.8503,10.4757,10.9216,12.2062,10.7962,11.485,10.3397,10.76,9.94091
10.8055,8.80146,10.4757,10.6588,12.0915,10.7633,11.4739,10.3397,10.3792,9.86909
10.7392,8.80146,10.47,10.6505,12.0833,10.6399,11.2243,10.3397,10.0337,9.69673
10.6912,8.79797,10.4666,10.5969,12.0004,10.4234,11.1531,9.926169999999999,10.0328,9.69673
10.6889,8.79797,10.1638,10.5969,11.7411,10.4163,11.1531,9.909310000000001,10.0328,9.17678
10.5491,8.79797,10.1638,10.5969,11.5464,10.4163,11.1531,9.89705,10.0328,9.17678
10.4949,8.797039999999999,10.1638,10.5969,11.5464,10.2149,10.9532,9.87922,10.0004,9.16042
10.4574,8.797039999999999,10.0706,10.5265,11.5034,10.2149,10.915999999999999,9.763869999999999,10.0004,9.01349
10.3373,8.797039999999999,9.940539999999999,10.5105,11.5034,10.2087,10.915999999999999,9.75755,9.9689,9.005980000000001
10.2994,8.797039999999999,9.85189,10.5105,11.5034,10.1755,10.7092,9.68924,9.819360000000001,8.78464
10.2994,8.797039999999999,9.85189,10.5105,11.4512,10.1755,10.6902,9.68689,9.796339999999999,8.78107
10.2994,8.77041,9.81987,10.3915,11.4442,10.1755,10.6902,9.51175,9.796339999999999,8.73243
10.2994,8.759039999999999,9.81987,10.3704,11.4442,9.8447,10.6902,9.45304,9.78572,8.72682
10.2994,8.46983,9.76243,10.2999,11.4442,9.8447,10.645,9.34826,9.777510000000001,8.701089999999999
10.2865,8.45042,9.761989999999999,10.2923,11.4442,9.83848,10.645,9.03253,9.63825,8.5577
10.1793,8.438080000000001,8.86247,10.2593,11.4341,9.81832,10.6338,9.01331,9.537189999999999,8.496310000000001
10.1793,8.438080000000001,8.79418,10.0009,11.2704,9.81832,10.6338,8.97397,9.327069999999999,8.496310000000001
10.1793,8.43173,8.79418,10.0009,11.264000000000001,9.7175,10.6338,8.78761,9.28464,8.496310000000001
9.41987,8.41735,8.53628,10.0008,11.264000000000001,9.64203,10.6135,8.76368,9.28464,8.47809
9.41987,7.80805,8.53628,10.0008,11.264000000000001,9.5413,10.2294,8.707289999999999,9.28464,8.416030000000001
9.21557,7.80805,8.53628,9.992,11.2445,9.539639999999999,10.2294,8.707289999999999,9.28464,8.39747
9.21557,7.80805,8.53187,9.992,11.2274,9.4695,10.2294,8.707,9.27955,8.39747
9.1774,7.80805,8.53187,9.992,11.1773,9.432080000000001,10.0926,8.66031,9.0939,8.39747
9.1774,7.80805,8.53187,9.992,11.1773,9.41271,10.0926,8.66031,9.0939,8.39747
9.09571,7.661919999999999,8.53187,9.73287,11.1773,9.39207,10.092,8.65307,9.05654,8.39107
8.65902,7.661919999999999,8.4844,9.73193,11.1773,9.39207,9.97755,8.547939999999999,9.037930000000001,8.097339999999999
8.65902,7.661919999999999,8.354439999999999,9.70825,11.1262,9.38907,9.97755,8.334539999999999,9.02298,8.04871
8.62277,7.661919999999999,8.11988,9.56697,10.9955,9.38907,9.97755,8.20105,9.00436,7.96512
8.59907,7.661919999999999,8.11988,9.56697,10.9728,9.26255,9.97658,8.20105,8.98519,7.89199
8.59907,7.661919999999999,8.11988,9.56697,10.0392,9.26255,9.969389999999999,8.13004,8.97645,7.89199
8.59907,7.64502,8.10624,9.53154,9.8956,9.247589999999999,9.969389999999999,8.11295,8.97645,7.8688899999999995
8.55312,7.64502,8.10624,9.53154,9.49152,9.247589999999999,9.920919999999999,8.02952,8.97645,7.8688899999999995
8.55312,7.64502,8.05508,9.53053,9.49152,9.247589999999999,9.84694,7.9147,8.95092,7.84761
8.55312,7.64502,8.05159,9.53053,9.47478,8.86306,9.843169999999999,7.7894,8.95092,7.810110000000001
8.55,7.62285,8.048789999999999,9.52853,9.47478,8.8305,9.81375,7.7894,8.84646,7.73175
8.55,7.62285,8.04135,9.52472,9.37453,8.8305,9.81215,7.7894,8.76574,7.73175
8.55,7.596610000000001,8.029110000000001,9.52374,9.32129,8.770660000000001,9.78439,7.77675,8.763810000000001,7.73175
8.53017,7.49615,8.029110000000001,9.513069999999999,8.6231,8.770660000000001,9.7531,7.50005,8.731489999999999,7.71353
7.845860000000001,7.49615,7.71373,9.343860000000001,8.38007,8.72475,9.74874,7.41897,8.72109,7.63725
7.84435,7.49615,7.69947,9.343860000000001,8.35776,8.71976,9.647780000000001,7.41897,8.72109,7.63725
7.84435,7.49615,7.69203,9.17791,8.35776,8.71976,9.647780000000001,7.41897,8.68973,7.197610000000001
7.559139999999999,7.38322,7.664160000000001,9.17791,8.18998,8.615310000000001,9.647780000000001,7.40079,8.601469999999999,7.19752
7.422810000000001,7.38322,7.63238,9.17791,8.18998,8.615310000000001,9.647780000000001,7.389010000000001,8.601469999999999,7.069030000000001
7.422810000000001,7.14933,7.63238,8.68857,8.18701,8.58687,9.647780000000001,7.37058,8.58789,7.062360000000001
7.41378,7.0971,7.580539999999999,8.37772,8.173060000000001,8.58687,9.647780000000001,7.351489999999999,8.58108,7.0178899999999995
7.41378,7.0971,7.558960000000001,8.30159,8.173060000000001,8.58687,9.647780000000001,7.351489999999999,8.57017,7.0178899999999995
7.41378,7.0971,7.558960000000001,8.02253,8.15447,8.54796,9.47386,7.35076,8.5644,7.0178899999999995
7.41378,7.0971,7.558960000000001,7.96012,8.131739999999999,8.390989999999999,9.47145,7.34055,8.53171,6.93589
7.41378,7.0971,7.558960000000001,7.955080000000001,8.131739999999999,8.390989999999999,9.44587,7.34055,8.53171,6.93589
7.4135100000000005,7.0971,7.558960000000001,7.95494,8.131739999999999,8.13326,9.44587,7.333489999999999,8.4276,6.9074800000000005
7.39205,7.0831,7.47214,7.95494,8.07362,8.09495,9.42325,7.10712,8.36668,6.7934
7.3913,7.0831,7.47214,7.8931,8.01582,8.09495,9.41317,7.10358,8.36668,6.7934
7.3913,7.08185,7.32315,7.878830000000001,7.932010000000001,8.09495,9.41222,7.09456,8.33127,6.770510000000001
7.3913,7.02402,7.28344,7.83414,7.86145,7.91138,9.41222,7.09456,8.2566,6.740939999999999
7.3913,7.02402,7.01468,7.83414,7.55226,7.9040300000000006,9.41222,7.09456,8.141060000000001,6.740939999999999
7.3913,6.9982,7.01139,7.822769999999999,7.54915,7.78114,8.53925,7.09456,8.141060000000001,6.740939999999999
7.350410000000001,6.9982,6.867839999999999,7.598310000000001,7.54915,7.78114,8.53925,7.09456,8.141060000000001,6.740939999999999
7.350410000000001,6.9982,6.84495,7.598310000000001,7.54915,7.69716,8.51403,7.0801300000000005,8.141060000000001,6.72452
7.350410000000001,6.936310000000001,6.740419999999999,7.598310000000001,7.54915,7.69716,8.50045,7.0801300000000005,8.141060000000001,6.7227
7.281610000000001,6.936310000000001,6.740419999999999,7.366289999999999,7.49868,7.6943399999999995,8.500169999999999,7.067069999999999,8.06604,6.7227
7.281610000000001,6.79473,6.60957,7.3609800000000005,7.335719999999999,7.635269999999999,8.49038,7.063560000000001,7.41005,6.7227
7.14537,6.79473,6.58553,7.3609800000000005,7.21787,7.635269999999999,8.47653,7.063560000000001,7.41005,6.6973
7.09427,6.793139999999999,6.585369999999999,7.3609800000000005,7.21787,7.522539999999999,8.471,7.02695,7.38125,6.6973
7.09427,6.793139999999999,6.53425,7.3609800000000005,7.21787,7.52073,8.46948,6.977639999999999,7.38125,6.69033
7.084389999999999,6.7180100000000005,6.53425,7.3609800000000005,7.1649199999999995,7.40905,7.81873,6.969710000000001,7.3549,6.69033
7.084389999999999,6.7180100000000005,6.41055,7.3609800000000005,7.155069999999999,7.40905,7.818010000000001,6.953110000000001,7.344989999999999,6.669910000000001
7.01612,6.5422199999999995,6.41055,7.3609800000000005,7.10798,7.339860000000001,7.81645,6.933210000000001,7.343539999999999,6.669910000000001
6.849710000000001,6.42057,6.41055,7.3609800000000005,7.10798,7.339860000000001,7.81645,6.933210000000001,7.30952,6.658739999999999
6.72878,6.326169999999999,6.41055,7.359489999999999,7.0475699999999994,7.310980000000001,7.81107,6.933210000000001,6.97186,6.658739999999999
6.72878,6.326169999999999,6.41055,7.355569999999999,7.0475699999999994,7.22013,7.81107,6.87052,6.90837,6.58092
6.725569999999999,6.326169999999999,6.28797,7.355569999999999,6.8178600000000005,7.2085,7.741639999999999,6.87052,6.90837,6.50338
6.725569999999999,6.326169999999999,6.28797,7.240139999999999,6.8178600000000005,7.2085,7.703119999999999,6.87052,6.90837,6.16194
6.67323,6.21084,6.28797,7.06835,6.77077,7.18434,7.703119999999999,6.8209800000000005,6.90837,6.16194
6.672860000000001,6.0279300000000005,6.287780000000001,7.06835,6.77077,7.0641,7.703119999999999,6.73671,6.90837,6.11833
6.60285,5.97238,6.26106,6.9802100000000005,6.77077,7.0641,7.6605,6.7312899999999996,6.90837,6.11037
6.5271099999999995,5.96482,6.26106,6.887739999999999,6.77077,6.965560000000001,7.5987,6.669010000000001,6.90837,6.07075
6.42096,5.9562800000000005,6.2519800000000005,6.8646199999999995,6.77077,6.95902,7.5894699999999995,6.669010000000001,6.72686,6.0701
6.15979,5.95403,6.23526,6.83776,6.7594199999999995,6.86348,7.37489,6.64239,6.72686,6.0701
6.15979,5.95403,6.22504,6.83776,6.72425,6.6398399999999995,7.34333,6.64231,6.7072,6.0701
6.09321,5.88646,6.22504,6.831510000000001,6.72425,6.6398399999999995,7.30691,6.55905,6.57377,6.05449
6.07501,5.71788,6.22504,6.8282300000000005,6.72425,6.6398399999999995,7.1966,6.55905,6.57377,5.84609
6.05869,5.6923,6.22504,6.8282300000000005,6.707260000000001,6.63278,7.08442,6.55841,6.57362,5.84609
6.05869,5.690919999999999,6.22504,6.81872,6.707260000000001,6.62973,7.047999999999999,6.55841,6.57362,5.82964
6.05869,5.690919999999999,6.214169999999999,6.81872,6.70423,6.62973,7.047999999999999,6.5166,6.55768,5.82964
6.04781,5.69025,6.214169999999999,6.81872,6.692880000000001,6.62973,6.98853,6.50241,6.5049,5.82964
6.04781,5.69025,6.17086,6.81872,6.692880000000001,6.602460000000001,6.98853,6.42159,6.50178,5.82964
6.04479,5.68856,6.17086,6.81872,6.692880000000001,6.576860000000001,6.91028,6.42159,6.50062,5.80968
6.04479,5.68717,6.17086,6.789289999999999,6.674589999999999,6.5012,6.77305,6.42159,6.476780000000001,5.80968
6.03504,5.6477699999999995,6.17086,6.789289999999999,6.60007,6.49648,6.7624699999999995,6.42159,6.37096,5.80968
5.946330000000001,5.6370000000000005,6.165369999999999,6.7274,6.59669,6.49648,6.74206,6.41735,6.37096,5.74115
5.946330000000001,5.62921,6.16181,6.7274,6.59669,6.47536,6.62206,6.0765199999999995,6.36921,5.74115
5.94169,5.39555,5.92756,6.70248,6.59669,6.40265,6.5713,6.0644800000000005,6.33897,5.70753
5.94169,5.33495,5.92756,6.686030000000001,6.51725,6.397469999999999,6.5713,6.0644800000000005,6.33897,5.70753
5.93168,5.33495,5.92756,6.686030000000001,6.50761,6.397469999999999,6.55316,6.02656,6.33099,5.70674
5.93168,5.29164,5.92756,6.686030000000001,6.50712,6.37924,6.51366,6.02656,6.33099,5.70674
5.93168,5.29164,5.92756,6.60433,6.3517,6.29211,6.51366,6.01886,6.27336,5.70674
5.93168,5.275930000000001,5.92756,6.571910000000001,6.3517,6.29211,6.51366,6.01886,6.26056,5.70674
5.93168,5.275930000000001,5.92751,6.57008,6.3517,6.22393,6.51366,5.9664,6.26056,5.70674
5.82667,5.275930000000001,5.91214,6.42214,6.156619999999999,6.19872,6.51366,5.92621,6.24615,5.70674
5.82667,5.275930000000001,5.850619999999999,6.38725,6.156619999999999,5.83315,6.51366,5.92621,6.24615,5.70674
5.82667,5.262169999999999,5.84474,6.340730000000001,6.10538,5.6886,6.501,5.87375,6.227069999999999,5.70674
5.82667,5.262169999999999,5.84277,5.71596,6.05714,5.6886,6.498480000000001,5.87375,6.22104,5.690840000000001
5.82667,5.24676,5.84277,5.70544,6.03218,5.67184,6.49833,5.8501199999999995,6.21638,5.64813
5.82667,5.24599,5.8426,5.37896,6.03218,5.6129999999999995,6.49833,5.8501199999999995,6.179209999999999,5.64813
5.6121300000000005,5.24599,5.8426,5.3699,5.999630000000001,5.49385,6.49833,5.846030000000001,5.89637,5.64813
5.44286,5.24599,5.8426,5.3699,5.999630000000001,5.35691,6.47957,5.846030000000001,5.86395,5.64449
5.3069,5.24599,5.72832,5.21539,5.90545,5.34278,6.42905,5.846030000000001,5.86395,5.64449
5.30178,5.24599,5.71623,5.21539,5.90545,5.29537,6.42697,5.741709999999999,5.86395,5.44445
5.26767,5.22118,5.57356,5.21539,5.90545,5.16009,6.42697,5.741709999999999,5.66616,5.43382
5.26767,5.14699,5.56466,5.21539,5.8893699999999995,5.1492,6.42647,5.68757,5.6596400000000004,5.43382
5.25608,5.14699,5.54271,5.21174,5.61529,5.11998,6.42647,5.68757,5.64691,5.43382
5.23977,5.14699,5.52925,5.21099,5.61529,5.11984,6.2673,5.6657,5.62021,5.43382
5.23977,5.14447,5.498419999999999,5.090730000000001,5.58217,5.11822,6.24619,5.6657,5.62021,5.43191
5.21341,5.14193,5.4971,5.090730000000001,5.54842,5.10653,6.24086,5.6657,5.62021,5.43191
5.21341,5.13762,5.4971,5.0841199999999995,5.5465,5.00575,6.24086,5.6593800000000005,5.62021,5.43191
5.21341,5.1321900000000005,5.48463,5.0841199999999995,5.534269999999999,4.953130000000001,6.24086,5.56527,5.4826,5.42397
5.2123,5.1321900000000005,5.47048,5.08266,5.5171,4.953130000000001,6.24086,5.480659999999999,5.4826,5.34016
5.2123,5.11689,5.47048,5.08266,5.4164699999999995,4.90834,6.24086,5.480659999999999,5.4826,5.17391
5.04418,5.11689,5.4675,5.07709,5.38784,4.90834,6.23791,5.44169,5.4826,5.1188400000000005
5.04418,5.084980000000001,5.45759,5.07709,5.380780000000001,4.89824,6.2353,5.35884,5.46758,5.09406
5.0225599999999995,5.083019999999999,5.43539,5.07709,5.36866,4.897480000000001,6.2194,5.2725800000000005,5.25977,5.09406
5.0225599999999995,5.00071,5.43539,5.07709,5.36866,4.88722,6.175,5.19065,5.25977,5.09406
4.99989,5.00071,5.43539,5.07359,5.36866,4.88424,6.17373,5.19065,5.25977,4.9814099999999994
4.99135,5.00071,5.43539,5.05692,5.35982,4.82618,6.1634,5.15715,5.24955,4.88806
4.99135,4.97494,5.43539,4.9820199999999994,5.35982,4.7613,6.1634,5.15715,5.19262,4.88806
4.99135,4.97494,5.43539,4.88128,5.35982,4.6795,6.1634,5.1454,5.19262,4.84976
4.8597,4.97494,5.43539,4.86259,5.35789,4.6795,6.14313,5.1454,5.19262,4.84821
4.8597,4.9607,5.40365,4.80888,5.22462,4.6795,6.1139,5.1454,5.1730599999999995,4.84821
4.8597,4.95484,5.3981699999999995,4.7935099999999995,5.22462,4.63007,6.1139,5.1454,5.1730599999999995,4.84821
4.8597,4.95484,5.3981699999999995,4.78961,5.22385,4.63007,6.1139,5.08805,5.15623,4.84821
4.8504,4.9496400000000005,5.3981699999999995,4.78961,5.20367,4.35392,6.1139,5.04943,5.11451,4.84821
4.816330000000001,4.81461,5.35519,4.7895,5.18821,4.34849,6.11304,5.0263800000000005,5.1081199999999995,4.84821
4.816330000000001,4.81461,5.3081,4.7895,5.18821,4.18496,6.11304,5.00516,5.045380000000001,4.8457
4.80106,4.75346,5.27698,4.7895,5.18821,4.17465,6.11304,5.00516,5.045380000000001,4.82525
4.79866,4.75346,5.27698,4.76179,5.18821,4.17103,6.11304,4.9997300000000005,5.02837,4.82484
4.79866,4.7518,5.27698,4.66105,5.18044,4.17103,6.11304,4.99178,5.02837,4.78594
4.79866,4.7518,5.27055,4.66105,5.05359,4.17103,6.11304,4.99178,5.02837,4.78594
4.79866,4.71939,5.26715,4.66105,5.05359,4.17103,6.07078,4.99178,4.97564,4.78594
4.79866,4.71939,5.24873,4.66105,5.05359,4.01916,6.07078,4.8848,4.96967,4.77324
4.7984599999999995,4.7076400000000005,5.24085,4.63661,5.05359,3.97799,6.06241,4.8407800000000005,4.9668,4.77284
4.79358,4.7076400000000005,5.23778,4.63314,5.05359,3.97799,6.0595099999999995,4.833819999999999,4.96471,4.76973
4.79358,4.7074300000000004,5.23778,4.63314,5.05359,3.97799,6.008380000000001,4.833819999999999,4.96471,4.7401800000000005
4.79358,4.7074300000000004,5.23433,4.63314,5.0503,3.97799,6.008380000000001,4.8312800000000005,4.96326,4.7401800000000005
4.6393699999999995,4.7074300000000004,5.23433,4.63108,5.013330000000001,3.97649,6.0048900000000005,4.824730000000001,4.95176,4.57504
4.6393699999999995,4.7074300000000004,5.23433,4.60802,4.99505,3.82504,5.9371599999999995,4.80877,4.95176,4.57504
4.63119,4.7074300000000004,5.22989,4.59377,4.9294400000000005,3.82504,5.9371599999999995,4.743530000000001,4.7889,4.51008
4.63119,4.7047300000000005,5.19496,4.59131,4.911580000000001,3.7390199999999996,5.90758,4.74349,4.78342,4.5017
4.5661,4.7047300000000005,5.19401,4.59131,4.91021,3.7390199999999996,5.89694,4.74349,4.78342,4.49498
4.565169999999999,4.62562,5.163959999999999,4.584219999999999,4.91021,3.7347699999999997,5.89694,4.74349,4.78342,4.426740000000001
4.565169999999999,4.42537,5.163959999999999,4.584219999999999,4.91021,3.63996,5.86595,4.73345,4.78342,4.426740000000001
4.53872,4.42537,5.08845,4.584219999999999,4.879,3.6393,5.85299,4.73345,4.77744,4.41409
4.53034,4.42537,4.86817,4.5778,4.879,3.6393,5.85286,4.7076400000000005,4.77744,4.3661
4.52694,4.42537,4.74205,4.50421,4.879,3.62987,5.75322,4.7076400000000005,4.66744,4.35796
4.517919999999999,4.42537,4.74205,4.50421,4.879,3.62987,5.537669999999999,4.7076400000000005,4.66065,4.33779
4.517919999999999,4.42537,4.740819999999999,4.47757,4.879,3.6284,5.537669999999999,4.7076400000000005,4.66065,4.29396
4.46991,4.42537,4.740819999999999,4.47757,4.834969999999999,3.6191,5.537669999999999,4.7076400000000005,4.64843,4.27223
4.46399,4.42515,4.74051,4.44921,4.834969999999999,3.61401,5.442069999999999,4.707269999999999,4.6227599999999995,4.2198400000000005
4.452780000000001,4.42515,4.74051,4.41715,4.82172,3.61401,5.442069999999999,4.66892,4.6227599999999995,4.21967
4.452780000000001,4.4166,4.74051,4.34039,4.82172,3.61401,5.442069999999999,4.66622,4.60166,4.2192300000000005
4.39939,4.412730000000001,4.61551,4.34039,4.82172,3.51634,5.43679,4.66622,4.52176,4.2182900000000005
4.39851,4.40584,4.612019999999999,4.34039,4.82172,3.5127,5.43679,4.60005,4.51828,4.2056
4.26935,4.40584,4.612019999999999,4.34039,4.82172,3.5127,5.43675,4.503830000000001,4.51828,4.2056
4.26935,4.391430000000001,4.573169999999999,4.27643,4.80934,3.5127,5.43675,4.503830000000001,4.50612,4.1912400000000005
4.23824,4.26979,4.573169999999999,4.27643,4.80934,3.5127,5.43444,4.47854,4.50612,4.1912400000000005
4.23824,4.26979,4.56568,4.27643,4.80934,3.5127,5.43444,4.47854,4.42014,4.17729
4.23824,4.26979,4.565119999999999,4.27643,4.80934,3.5127,5.42382,4.47854,4.4162099999999995,3.91941
4.22996,4.26757,4.48842,4.27643,4.80934,3.5127,5.2876199999999995,4.47854,4.4162099999999995,3.91941
4.22915,4.26403,4.48273,4.27566,4.8003599999999995,3.51175,5.2852,4.46985,4.4162099999999995,3.91941
4.22748,4.26397,4.48273,4.25323,4.8003599999999995,3.50211,5.2852,4.366619999999999,4.3621099999999995,3.8948699999999996
4.20822,4.24896,4.46336,4.25323,4.78829,3.50211,5.27315,4.366619999999999,4.35815,3.8948699999999996
4.20822,4.1832,4.46336,4.24264,4.77806,3.4683900000000003,4.70825,4.366619999999999,4.34312,3.89359
4.07081,4.09417,4.46203,4.24264,4.77806,3.4683900000000003,4.7075,4.35576,4.33096,3.87774
4.07081,4.08782,4.43577,4.23359,4.6540300000000006,3.4683900000000003,4.7075,4.00715,4.32819,3.8596800000000004
4.07081,4.06009,4.3983099999999995,4.22981,4.59912,3.4683900000000003,4.69324,4.00715,4.3243599999999995,3.8579199999999996
4.07081,4.05119,4.39202,4.22981,4.59912,3.4683900000000003,4.66933,4.00715,4.3243599999999995,3.85183
4.06069,4.0332,4.38999,4.15402,4.59912,3.4683900000000003,4.53981,4.00715,4.32266,3.7847199999999996
4.06069,3.9886,4.2443599999999995,4.15402,4.58643,3.4468699999999997,4.53981,4.00715,4.32032,3.71279
4.06069,3.9858,4.10226,4.15402,4.58643,3.4468699999999997,4.491219999999999,4.00715,4.32032,3.71279
4.06069,3.97955,4.0319199999999995,4.15279,4.568630000000001,3.4468699999999997,4.4144,4.00715,4.32032,3.71279
4.06069,3.96145,4.0267,4.15279,4.56231,3.39296,4.4144,4.00715,4.31962,3.69516
4.06069,3.9470099999999997,3.94849,4.11094,4.56231,3.39296,4.395630000000001,4.00715,4.3179300000000005,3.6847
4.03688,3.9470099999999997,3.94849,4.07327,4.55837,3.39296,4.395630000000001,4.00715,4.23231,3.66775
4.03444,3.93263,3.9441599999999997,4.07327,4.4349099999999995,3.3914699999999995,4.38736,4.00715,4.23231,3.4459199999999996
3.75863,3.87355,3.9420699999999997,4.03399,4.3744,3.38838,4.38736,3.8454099999999998,4.23231,3.4384
3.7585599999999997,3.8444800000000003,3.9420699999999997,4.03399,4.33709,3.3860099999999997,4.25565,3.8454099999999998,4.23231,3.4265199999999996
3.63869,3.8444800000000003,3.9420699999999997,4.03399,4.33709,3.38459,4.25565,3.8221300000000005,4.23231,3.3923900000000002
3.6332800000000005,3.8444800000000003,3.9420699999999997,4.03289,4.33501,3.35929,4.25565,3.8155900000000003,4.23231,3.3916800000000005
3.5771900000000003,3.8444800000000003,3.93699,4.03289,4.32855,3.35929,4.25565,3.8155900000000003,4.23231,3.3736800000000002
3.5600199999999997,3.79071,3.93699,3.99004,4.328180000000001,3.35929,4.25565,3.75492,4.18125,3.3736800000000002
3.5600199999999997,3.7793099999999997,3.93468,3.99004,4.328180000000001,3.3578300000000003,4.2527,3.7534300000000003,4.13172,3.3736800000000002
3.5492199999999996,3.7444900000000003,3.93391,3.98455,4.328180000000001,3.3571199999999997,4.2527,3.7389300000000003,4.13172,3.23901
3.54766,3.72925,3.9338900000000003,3.98455,4.328180000000001,3.3571199999999997,4.19097,3.7263800000000002,4.10428,3.23901
3.37508,3.7191099999999997,3.9013199999999997,3.94651,4.328180000000001,3.3571199999999997,4.19097,3.53195,4.10428,3.22452
3.37508,3.7191099999999997,3.9013199999999997,3.94651,4.313,3.33866,3.9033,3.53195,3.93831,3.22154
3.37508,3.7191099999999997,3.8862099999999997,3.94651,4.3074,3.33866,3.9018599999999997,3.52452,3.9102900000000003,3.1789099999999997
3.37508,3.7191099999999997,3.8862099999999997,3.94651,4.3074,3.33866,3.9003400000000004,3.52165,3.9102900000000003,3.1789099999999997
3.37456,3.7191099999999997,3.8862099999999997,3.94651,4.2998,3.33866,3.89169,3.51663,3.9099,3.1789099999999997
3.37456,3.7191099999999997,3.8862099999999997,3.93589,4.2998,3.33866,3.8515,3.5148099999999998,3.88222,3.16584
3.3056400000000004,3.6530400000000003,3.8862099999999997,3.93589,4.2998,3.33866,3.8515,3.44411,3.8532900000000003,3.11148
3.3056400000000004,3.6413599999999997,3.8862099999999997,3.93589,4.18205,3.33866,3.8515,3.44225,3.82464,3.05589
3.3056400000000004,3.6413599999999997,3.7046,3.79028,4.18145,3.33866,3.80482,3.4402699999999995,3.82464,3.05589
3.3056400000000004,3.6398300000000003,3.7046,3.79028,4.18145,3.33866,3.80482,3.37077,3.82464,3.05589
3.3021599999999998,3.6249300000000004,3.6603800000000004,3.6854400000000003,4.12556,3.31138,3.80482,3.3701,3.8098400000000003,3.0546
3.3021599999999998,3.6249300000000004,3.6603800000000004,3.6854400000000003,4.12556,3.31138,3.80482,3.3701,3.8062099999999996,3.04831
3.2864,3.4934800000000004,3.6603800000000004,3.6854400000000003,4.11088,3.31138,3.7785900000000003,3.32893,3.8062099999999996,3.04831
3.2864,3.4768800000000004,3.6603800000000004,3.68506,4.11088,3.30396,3.7132,3.32893,3.75518,3.0460000000000003
3.28576,3.4028199999999997,3.66028,3.6729199999999995,4.10925,3.30396,3.6934400000000003,3.32893,3.73139,3.0460000000000003
3.28548,3.4028199999999997,3.66028,3.6729199999999995,4.10925,3.3016199999999998,3.6934400000000003,3.32893,3.72989,3.0115
3.2840300000000004,3.3849,3.24526,3.64605,4.08765,3.2793,3.68495,3.32893,3.50605,3.00525
3.24708,3.38099,3.24526,3.64605,4.0860199999999995,3.2793,3.6692,3.32893,3.50328,3.00525
3.22268,3.38099,3.24526,3.64605,4.0789,3.27923,3.6028800000000003,3.32179,3.4614300000000005,3.00525
3.21545,3.38099,3.24526,3.64605,4.07334,3.25822,3.5992800000000003,3.32179,3.4614300000000005,3.00525
3.21545,3.38099,3.18982,3.64605,4.07334,3.04945,3.5992800000000003,3.3093199999999996,3.43529,3.00525
3.21115,3.38099,3.18982,3.64605,4.06369,3.04812,3.5964400000000003,3.3093199999999996,3.4349300000000005,3.00525
3.13191,3.3758,3.18597,3.62485,4.02126,3.0271,3.5925,3.29156,3.41981,3.00525
3.12825,3.3607,3.1787099999999997,3.6046400000000003,3.96224,3.02694,3.5925,3.29156,3.37811,3.00525
3.12717,3.3607,3.16946,3.6046400000000003,3.9556400000000003,3.02694,3.5925,3.29156,3.3695800000000005,3.0004299999999997
3.11079,3.3607,3.16076,3.2573,3.93456,3.0082400000000002,3.56066,3.29156,3.32807,3.0004299999999997
3.11079,3.3607,3.16076,3.2573,3.93456,3.00759,3.56066,3.29156,3.31541,2.99087
3.10785,3.3607,3.15667,3.2573,3.93456,2.97655,3.55672,3.28933,3.31541,2.99087
3.1074200000000003,3.3565699999999996,3.1564900000000002,3.2573,3.91729,2.97655,3.5465,3.28933,3.30544,2.9487900000000002
3.1074200000000003,3.3565699999999996,3.13272,3.25221,3.88363,2.97655,3.5465,3.28933,3.30544,2.9321599999999997
3.09577,3.3565699999999996,3.13168,3.25221,3.88363,2.97655,3.49913,3.28933,3.2418400000000003,2.7556
3.09577,3.3565699999999996,3.13168,3.20399,3.88133,2.97371,3.49913,3.28933,3.2418400000000003,2.7420400000000003
3.08376,3.3565699999999996,3.13168,3.20399,3.8747300000000005,2.9438,3.46973,3.25814,3.23283,2.7420400000000003
3.08376,3.33543,3.00677,3.20399,3.8747300000000005,2.9438,3.4269,3.25637,3.23283,2.74179
3.07211,3.33543,2.9941299999999997,3.18824,3.86321,2.94212,3.42441,3.22594,3.23283,2.70724
3.07211,3.33534,2.9941299999999997,3.18824,3.81586,2.94212,3.42441,3.22594,3.23283,2.70623
3.0641700000000003,3.33534,2.9941299999999997,3.18643,3.7875400000000004,2.94212,3.39607,3.2218,3.23225,2.70623
3.0638099999999997,3.33534,2.9941299999999997,3.18643,3.6198,2.94212,3.39607,3.2218,3.23225,2.70609
3.0638099999999997,3.3296900000000003,2.9941299999999997,3.18643,3.57556,2.94212,3.3742300000000003,3.2218,3.2160900000000003,2.70609
3.0638099999999997,3.3296900000000003,2.9941299999999997,3.18643,3.5046,2.93988,3.3742300000000003,3.2218,3.2103900000000003,2.70609
3.0638099999999997,3.30398,2.96292,3.1856,3.5046,2.93988,3.36545,3.2218,3.20629,2.70609
2.99912,3.28629,2.96292,3.1856,3.48938,2.9315900000000004,3.33589,3.22113,3.20549,2.6651599999999998
2.99871,3.28629,2.96292,3.18385,3.48938,2.9315900000000004,3.33589,3.18443,3.1795400000000003,2.6648
2.86712,3.22218,2.94651,3.17834,3.48938,2.9315900000000004,3.33569,3.18443,3.17952,2.6648
 , , , , , , , , , 
